"region","category","language","mother_tongue","most_at_home","most_at_work","lang_known"
"Montréal","Aboriginal languages","Aboriginal languages, n.o.s.",30,15,0,10
"Toronto","Aboriginal languages","Aboriginal languages, n.o.s.",80,50,0,25
"Calgary","Aboriginal languages","Aboriginal languages, n.o.s.",20,5,0,15
"Edmonton","Aboriginal languages","Aboriginal languages, n.o.s.",25,10,0,0
"Vancouver","Aboriginal languages","Aboriginal languages, n.o.s.",70,15,0,35
"Montréal","Non-Official & Non-Aboriginal languages","Afrikaans",90,10,0,300
"Toronto","Non-Official & Non-Aboriginal languages","Afrikaans",985,265,0,4260
"Calgary","Non-Official & Non-Aboriginal languages","Afrikaans",960,505,15,1955
"Edmonton","Non-Official & Non-Aboriginal languages","Afrikaans",575,300,0,1220
"Vancouver","Non-Official & Non-Aboriginal languages","Afrikaans",1435,520,10,4225
"Montréal","Non-Official & Non-Aboriginal languages","Afro-Asiatic languages, n.i.e.",240,65,0,615
"Toronto","Non-Official & Non-Aboriginal languages","Afro-Asiatic languages, n.i.e.",360,185,10,720
"Calgary","Non-Official & Non-Aboriginal languages","Afro-Asiatic languages, n.i.e.",45,15,0,170
"Edmonton","Non-Official & Non-Aboriginal languages","Afro-Asiatic languages, n.i.e.",65,20,0,155
"Vancouver","Non-Official & Non-Aboriginal languages","Afro-Asiatic languages, n.i.e.",45,10,0,95
"Montréal","Non-Official & Non-Aboriginal languages","Akan (Twi)",1015,440,0,1710
"Toronto","Non-Official & Non-Aboriginal languages","Akan (Twi)",8485,4045,20,13715
"Calgary","Non-Official & Non-Aboriginal languages","Akan (Twi)",705,330,0,1150
"Edmonton","Non-Official & Non-Aboriginal languages","Akan (Twi)",885,445,0,1435
"Vancouver","Non-Official & Non-Aboriginal languages","Akan (Twi)",400,125,10,495
"Montréal","Non-Official & Non-Aboriginal languages","Albanian",2450,1445,20,2880
"Toronto","Non-Official & Non-Aboriginal languages","Albanian",13260,6380,215,15375
"Calgary","Non-Official & Non-Aboriginal languages","Albanian",1365,620,25,1735
"Edmonton","Non-Official & Non-Aboriginal languages","Albanian",770,370,10,885
"Vancouver","Non-Official & Non-Aboriginal languages","Albanian",1090,530,10,1135
"Montréal","Aboriginal languages","Algonquian languages, n.i.e.",5,0,0,10
"Toronto","Aboriginal languages","Algonquian languages, n.i.e.",5,5,0,10
"Calgary","Aboriginal languages","Algonquian languages, n.i.e.",0,0,0,0
"Edmonton","Aboriginal languages","Algonquian languages, n.i.e.",0,0,0,0
"Vancouver","Aboriginal languages","Algonquian languages, n.i.e.",0,0,0,0
"Montréal","Aboriginal languages","Algonquin",30,10,0,30
"Toronto","Aboriginal languages","Algonquin",5,0,0,15
"Calgary","Aboriginal languages","Algonquin",5,0,0,0
"Edmonton","Aboriginal languages","Algonquin",0,0,0,0
"Vancouver","Aboriginal languages","Algonquin",5,0,0,15
"Montréal","Non-Official & Non-Aboriginal languages","American Sign Language",50,70,0,465
"Toronto","Non-Official & Non-Aboriginal languages","American Sign Language",470,720,245,3505
"Calgary","Non-Official & Non-Aboriginal languages","American Sign Language",100,85,25,910
"Edmonton","Non-Official & Non-Aboriginal languages","American Sign Language",180,190,85,1540
"Vancouver","Non-Official & Non-Aboriginal languages","American Sign Language",265,300,140,2035
"Montréal","Non-Official & Non-Aboriginal languages","Amharic",665,315,0,980
"Toronto","Non-Official & Non-Aboriginal languages","Amharic",7460,3820,55,11435
"Calgary","Non-Official & Non-Aboriginal languages","Amharic",4075,2730,50,5775
"Edmonton","Non-Official & Non-Aboriginal languages","Amharic",2515,1695,35,4090
"Vancouver","Non-Official & Non-Aboriginal languages","Amharic",1140,540,10,1755
"Montréal","Non-Official & Non-Aboriginal languages","Arabic",151955,72980,1590,241000
"Toronto","Non-Official & Non-Aboriginal languages","Arabic",85175,45025,1165,125970
"Calgary","Non-Official & Non-Aboriginal languages","Arabic",18965,11010,240,28535
"Edmonton","Non-Official & Non-Aboriginal languages","Arabic",17525,10590,325,28265
"Vancouver","Non-Official & Non-Aboriginal languages","Arabic",14320,8680,275,19995
"Montréal","Non-Official & Non-Aboriginal languages","Armenian",16170,11835,280,19930
"Toronto","Non-Official & Non-Aboriginal languages","Armenian",12575,7475,140,15225
"Calgary","Non-Official & Non-Aboriginal languages","Armenian",250,110,0,295
"Edmonton","Non-Official & Non-Aboriginal languages","Armenian",170,75,0,200
"Vancouver","Non-Official & Non-Aboriginal languages","Armenian",1060,505,0,1460
"Montréal","Non-Official & Non-Aboriginal languages","Assyrian Neo-Aramaic",125,95,10,160
"Toronto","Non-Official & Non-Aboriginal languages","Assyrian Neo-Aramaic",10200,6790,110,12500
"Calgary","Non-Official & Non-Aboriginal languages","Assyrian Neo-Aramaic",295,200,10,330
"Edmonton","Non-Official & Non-Aboriginal languages","Assyrian Neo-Aramaic",75,40,0,65
"Vancouver","Non-Official & Non-Aboriginal languages","Assyrian Neo-Aramaic",630,400,25,715
"Montréal","Aboriginal languages","Athabaskan languages, n.i.e.",0,0,0,0
"Toronto","Aboriginal languages","Athabaskan languages, n.i.e.",5,5,0,0
"Calgary","Aboriginal languages","Athabaskan languages, n.i.e.",0,0,0,0
"Edmonton","Aboriginal languages","Athabaskan languages, n.i.e.",0,0,0,0
"Vancouver","Aboriginal languages","Athabaskan languages, n.i.e.",5,0,0,10
"Montréal","Aboriginal languages","Atikamekw",30,5,0,15
"Toronto","Aboriginal languages","Atikamekw",0,0,0,0
"Calgary","Aboriginal languages","Atikamekw",0,0,0,0
"Edmonton","Aboriginal languages","Atikamekw",0,0,0,0
"Vancouver","Aboriginal languages","Atikamekw",0,0,0,0
"Montréal","Non-Official & Non-Aboriginal languages","Austro-Asiatic languages, n.i.e",15,5,0,25
"Toronto","Non-Official & Non-Aboriginal languages","Austro-Asiatic languages, n.i.e",65,35,0,40
"Calgary","Non-Official & Non-Aboriginal languages","Austro-Asiatic languages, n.i.e",5,5,0,10
"Edmonton","Non-Official & Non-Aboriginal languages","Austro-Asiatic languages, n.i.e",10,0,0,15
"Vancouver","Non-Official & Non-Aboriginal languages","Austro-Asiatic languages, n.i.e",35,15,0,60
"Montréal","Non-Official & Non-Aboriginal languages","Austronesian languages, n.i.e.",275,55,10,415
"Toronto","Non-Official & Non-Aboriginal languages","Austronesian languages, n.i.e.",1015,280,10,1275
"Calgary","Non-Official & Non-Aboriginal languages","Austronesian languages, n.i.e.",485,145,0,570
"Edmonton","Non-Official & Non-Aboriginal languages","Austronesian languages, n.i.e.",285,85,0,420
"Vancouver","Non-Official & Non-Aboriginal languages","Austronesian languages, n.i.e.",830,260,20,1175
"Montréal","Non-Official & Non-Aboriginal languages","Azerbaijani",260,95,10,450
"Toronto","Non-Official & Non-Aboriginal languages","Azerbaijani",1615,650,15,2650
"Calgary","Non-Official & Non-Aboriginal languages","Azerbaijani",240,100,0,350
"Edmonton","Non-Official & Non-Aboriginal languages","Azerbaijani",120,50,0,250
"Vancouver","Non-Official & Non-Aboriginal languages","Azerbaijani",500,185,10,840
"Montréal","Aboriginal languages","Babine (Wetsuwet'en)",0,0,0,0
"Toronto","Aboriginal languages","Babine (Wetsuwet'en)",0,0,0,0
"Calgary","Aboriginal languages","Babine (Wetsuwet'en)",0,0,0,0
"Edmonton","Aboriginal languages","Babine (Wetsuwet'en)",0,0,0,0
"Vancouver","Aboriginal languages","Babine (Wetsuwet'en)",5,0,0,0
"Montréal","Non-Official & Non-Aboriginal languages","Bamanankan",975,220,10,1805
"Toronto","Non-Official & Non-Aboriginal languages","Bamanankan",55,15,0,200
"Calgary","Non-Official & Non-Aboriginal languages","Bamanankan",15,5,0,20
"Edmonton","Non-Official & Non-Aboriginal languages","Bamanankan",20,0,0,35
"Vancouver","Non-Official & Non-Aboriginal languages","Bamanankan",10,5,0,20
"Montréal","Aboriginal languages","Beaver",0,0,0,0
"Toronto","Aboriginal languages","Beaver",0,0,0,0
"Calgary","Aboriginal languages","Beaver",0,0,0,0
"Edmonton","Aboriginal languages","Beaver",5,0,0,0
"Vancouver","Aboriginal languages","Beaver",0,0,0,0
"Montréal","Non-Official & Non-Aboriginal languages","Belarusan",70,20,0,305
"Toronto","Non-Official & Non-Aboriginal languages","Belarusan",355,125,0,945
"Calgary","Non-Official & Non-Aboriginal languages","Belarusan",20,0,0,70
"Edmonton","Non-Official & Non-Aboriginal languages","Belarusan",35,10,0,110
"Vancouver","Non-Official & Non-Aboriginal languages","Belarusan",60,10,0,205
"Montréal","Non-Official & Non-Aboriginal languages","Bengali",10805,8080,105,12605
"Toronto","Non-Official & Non-Aboriginal languages","Bengali",38320,24610,295,48410
"Calgary","Non-Official & Non-Aboriginal languages","Bengali",4140,2750,15,5050
"Edmonton","Non-Official & Non-Aboriginal languages","Bengali",2335,1460,15,2815
"Vancouver","Non-Official & Non-Aboriginal languages","Bengali",2680,1570,15,3145
"Montréal","Non-Official & Non-Aboriginal languages","Berber languages, n.i.e.",7625,2220,15,10380
"Toronto","Non-Official & Non-Aboriginal languages","Berber languages, n.i.e.",115,30,0,175
"Calgary","Non-Official & Non-Aboriginal languages","Berber languages, n.i.e.",80,35,0,90
"Edmonton","Non-Official & Non-Aboriginal languages","Berber languages, n.i.e.",55,45,0,120
"Vancouver","Non-Official & Non-Aboriginal languages","Berber languages, n.i.e.",60,20,0,65
"Montréal","Non-Official & Non-Aboriginal languages","Bikol",110,15,0,105
"Toronto","Non-Official & Non-Aboriginal languages","Bikol",470,85,0,580
"Calgary","Non-Official & Non-Aboriginal languages","Bikol",205,45,0,165
"Edmonton","Non-Official & Non-Aboriginal languages","Bikol",110,15,0,75
"Vancouver","Non-Official & Non-Aboriginal languages","Bikol",310,65,0,490
"Montréal","Non-Official & Non-Aboriginal languages","Bilen",10,5,0,35
"Toronto","Non-Official & Non-Aboriginal languages","Bilen",80,45,0,80
"Calgary","Non-Official & Non-Aboriginal languages","Bilen",50,45,0,65
"Edmonton","Non-Official & Non-Aboriginal languages","Bilen",245,210,0,240
"Vancouver","Non-Official & Non-Aboriginal languages","Bilen",5,5,0,15
"Montréal","Aboriginal languages","Blackfoot",5,0,0,0
"Toronto","Aboriginal languages","Blackfoot",5,0,0,10
"Calgary","Aboriginal languages","Blackfoot",235,60,0,350
"Edmonton","Aboriginal languages","Blackfoot",35,10,0,40
"Vancouver","Aboriginal languages","Blackfoot",25,0,0,15
"Montréal","Non-Official & Non-Aboriginal languages","Bosnian",450,260,0,580
"Toronto","Non-Official & Non-Aboriginal languages","Bosnian",2750,1330,45,4360
"Calgary","Non-Official & Non-Aboriginal languages","Bosnian",845,395,15,1330
"Edmonton","Non-Official & Non-Aboriginal languages","Bosnian",715,305,10,1140
"Vancouver","Non-Official & Non-Aboriginal languages","Bosnian",1155,545,0,1775
"Montréal","Non-Official & Non-Aboriginal languages","Bulgarian",6390,4750,45,6790
"Toronto","Non-Official & Non-Aboriginal languages","Bulgarian",6950,3860,110,8055
"Calgary","Non-Official & Non-Aboriginal languages","Bulgarian",945,480,0,1100
"Edmonton","Non-Official & Non-Aboriginal languages","Bulgarian",480,290,0,545
"Vancouver","Non-Official & Non-Aboriginal languages","Bulgarian",1720,925,10,1975
"Montréal","Non-Official & Non-Aboriginal languages","Burmese",60,20,0,75
"Toronto","Non-Official & Non-Aboriginal languages","Burmese",1005,570,10,1325
"Calgary","Non-Official & Non-Aboriginal languages","Burmese",270,175,15,340
"Edmonton","Non-Official & Non-Aboriginal languages","Burmese",145,100,0,240
"Vancouver","Non-Official & Non-Aboriginal languages","Burmese",1040,690,20,1385
"Montréal","Non-Official & Non-Aboriginal languages","Cantonese",23450,17330,2615,30500
"Toronto","Non-Official & Non-Aboriginal languages","Cantonese",247710,182750,25340,306700
"Calgary","Non-Official & Non-Aboriginal languages","Cantonese",34235,22245,2845,43110
"Edmonton","Non-Official & Non-Aboriginal languages","Cantonese",22670,14695,1475,28750
"Vancouver","Non-Official & Non-Aboriginal languages","Cantonese",184365,132185,22890,223700
"Montréal","Aboriginal languages","Carrier",0,0,0,0
"Toronto","Aboriginal languages","Carrier",5,0,0,0
"Calgary","Aboriginal languages","Carrier",0,0,0,0
"Edmonton","Aboriginal languages","Carrier",5,5,0,30
"Vancouver","Aboriginal languages","Carrier",35,5,0,45
"Montréal","Non-Official & Non-Aboriginal languages","Catalan",260,90,10,695
"Toronto","Non-Official & Non-Aboriginal languages","Catalan",165,80,10,320
"Calgary","Non-Official & Non-Aboriginal languages","Catalan",45,20,0,85
"Edmonton","Non-Official & Non-Aboriginal languages","Catalan",25,10,0,75
"Vancouver","Non-Official & Non-Aboriginal languages","Catalan",125,60,0,245
"Montréal","Aboriginal languages","Cayuga",0,0,0,0
"Toronto","Aboriginal languages","Cayuga",0,0,0,0
"Calgary","Aboriginal languages","Cayuga",0,0,0,0
"Edmonton","Aboriginal languages","Cayuga",0,0,0,0
"Vancouver","Aboriginal languages","Cayuga",0,0,0,0
"Montréal","Non-Official & Non-Aboriginal languages","Cebuano",765,215,0,920
"Toronto","Non-Official & Non-Aboriginal languages","Cebuano",5080,1880,25,7350
"Calgary","Non-Official & Non-Aboriginal languages","Cebuano",2015,865,0,2825
"Edmonton","Non-Official & Non-Aboriginal languages","Cebuano",1945,810,0,2505
"Vancouver","Non-Official & Non-Aboriginal languages","Cebuano",3210,1085,10,4185
"Montréal","Non-Official & Non-Aboriginal languages","Celtic languages, n.i.e.",65,15,0,215
"Toronto","Non-Official & Non-Aboriginal languages","Celtic languages, n.i.e.",140,25,10,1025
"Calgary","Non-Official & Non-Aboriginal languages","Celtic languages, n.i.e.",20,5,0,190
"Edmonton","Non-Official & Non-Aboriginal languages","Celtic languages, n.i.e.",35,5,0,185
"Vancouver","Non-Official & Non-Aboriginal languages","Celtic languages, n.i.e.",65,5,0,685
"Montréal","Non-Official & Non-Aboriginal languages","Chaldean Neo-Aramaic",15,10,0,10
"Toronto","Non-Official & Non-Aboriginal languages","Chaldean Neo-Aramaic",1845,1095,10,2215
"Calgary","Non-Official & Non-Aboriginal languages","Chaldean Neo-Aramaic",85,75,0,115
"Edmonton","Non-Official & Non-Aboriginal languages","Chaldean Neo-Aramaic",40,15,0,20
"Vancouver","Non-Official & Non-Aboriginal languages","Chaldean Neo-Aramaic",435,305,0,550
"Montréal","Aboriginal languages","Chilcotin",0,0,0,0
"Toronto","Aboriginal languages","Chilcotin",0,0,0,0
"Calgary","Aboriginal languages","Chilcotin",0,0,0,10
"Edmonton","Aboriginal languages","Chilcotin",5,0,0,10
"Vancouver","Aboriginal languages","Chilcotin",25,0,0,0
"Montréal","Non-Official & Non-Aboriginal languages","Chinese languages, n.i.e.",80,40,0,90
"Toronto","Non-Official & Non-Aboriginal languages","Chinese languages, n.i.e.",190,85,0,135
"Calgary","Non-Official & Non-Aboriginal languages","Chinese languages, n.i.e.",10,5,0,15
"Edmonton","Non-Official & Non-Aboriginal languages","Chinese languages, n.i.e.",25,10,0,45
"Vancouver","Non-Official & Non-Aboriginal languages","Chinese languages, n.i.e.",195,105,0,195
"Montréal","Non-Official & Non-Aboriginal languages","Chinese, n.o.s.",3140,2160,210,4295
"Toronto","Non-Official & Non-Aboriginal languages","Chinese, n.o.s.",11080,6885,915,11470
"Calgary","Non-Official & Non-Aboriginal languages","Chinese, n.o.s.",2485,1605,125,3105
"Edmonton","Non-Official & Non-Aboriginal languages","Chinese, n.o.s.",2370,1440,95,2410
"Vancouver","Non-Official & Non-Aboriginal languages","Chinese, n.o.s.",8485,5045,845,8745
"Montréal","Aboriginal languages","Comox",0,5,0,0
"Toronto","Aboriginal languages","Comox",0,0,0,0
"Calgary","Aboriginal languages","Comox",0,0,0,0
"Edmonton","Aboriginal languages","Comox",0,0,0,0
"Vancouver","Aboriginal languages","Comox",0,0,0,20
"Montréal","Aboriginal languages","Cree, n.o.s.",135,65,10,130
"Toronto","Aboriginal languages","Cree, n.o.s.",55,10,0,95
"Calgary","Aboriginal languages","Cree, n.o.s.",140,60,0,255
"Edmonton","Aboriginal languages","Cree, n.o.s.",1455,330,10,2725
"Vancouver","Aboriginal languages","Cree, n.o.s.",145,15,10,185
"Montréal","Non-Official & Non-Aboriginal languages","Creole languages, n.i.e.",915,420,0,2470
"Toronto","Non-Official & Non-Aboriginal languages","Creole languages, n.i.e.",1920,775,10,7130
"Calgary","Non-Official & Non-Aboriginal languages","Creole languages, n.i.e.",180,65,0,605
"Edmonton","Non-Official & Non-Aboriginal languages","Creole languages, n.i.e.",345,145,0,770
"Vancouver","Non-Official & Non-Aboriginal languages","Creole languages, n.i.e.",225,75,0,750
"Montréal","Non-Official & Non-Aboriginal languages","Creole, n.o.s.",51325,18775,245,102515
"Toronto","Non-Official & Non-Aboriginal languages","Creole, n.o.s.",3380,1950,20,9125
"Calgary","Non-Official & Non-Aboriginal languages","Creole, n.o.s.",430,220,0,1115
"Edmonton","Non-Official & Non-Aboriginal languages","Creole, n.o.s.",615,380,0,1290
"Vancouver","Non-Official & Non-Aboriginal languages","Creole, n.o.s.",365,205,0,1025
"Montréal","Non-Official & Non-Aboriginal languages","Croatian",1865,780,10,2800
"Toronto","Non-Official & Non-Aboriginal languages","Croatian",16525,5945,90,23785
"Calgary","Non-Official & Non-Aboriginal languages","Croatian",2100,745,15,2770
"Edmonton","Non-Official & Non-Aboriginal languages","Croatian",2010,895,0,2815
"Vancouver","Non-Official & Non-Aboriginal languages","Croatian",5465,1795,30,7995
"Montréal","Non-Official & Non-Aboriginal languages","Cushitic languages, n.i.e.",20,5,0,0
"Toronto","Non-Official & Non-Aboriginal languages","Cushitic languages, n.i.e.",65,30,0,85
"Calgary","Non-Official & Non-Aboriginal languages","Cushitic languages, n.i.e.",10,5,0,30
"Edmonton","Non-Official & Non-Aboriginal languages","Cushitic languages, n.i.e.",25,10,0,35
"Vancouver","Non-Official & Non-Aboriginal languages","Cushitic languages, n.i.e.",10,5,0,0
"Montréal","Non-Official & Non-Aboriginal languages","Czech",1175,380,10,1665
"Toronto","Non-Official & Non-Aboriginal languages","Czech",4790,1415,10,6300
"Calgary","Non-Official & Non-Aboriginal languages","Czech",1500,425,0,1795
"Edmonton","Non-Official & Non-Aboriginal languages","Czech",895,255,0,1050
"Vancouver","Non-Official & Non-Aboriginal languages","Czech",3565,1030,20,4575
"Montréal","Aboriginal languages","Dakota",0,0,0,0
"Toronto","Aboriginal languages","Dakota",0,5,0,0
"Calgary","Aboriginal languages","Dakota",25,10,0,60
"Edmonton","Aboriginal languages","Dakota",65,20,0,130
"Vancouver","Aboriginal languages","Dakota",20,10,0,20
"Montréal","Non-Official & Non-Aboriginal languages","Danish",300,40,10,590
"Toronto","Non-Official & Non-Aboriginal languages","Danish",1570,140,15,2125
"Calgary","Non-Official & Non-Aboriginal languages","Danish",860,70,0,1060
"Edmonton","Non-Official & Non-Aboriginal languages","Danish",745,45,0,780
"Vancouver","Non-Official & Non-Aboriginal languages","Danish",2070,180,10,2460
"Montréal","Aboriginal languages","Dene",0,0,0,10
"Toronto","Aboriginal languages","Dene",10,0,0,10
"Calgary","Aboriginal languages","Dene",20,10,0,25
"Edmonton","Aboriginal languages","Dene",145,10,0,215
"Vancouver","Aboriginal languages","Dene",20,10,0,10
"Montréal","Non-Official & Non-Aboriginal languages","Dinka",0,0,0,0
"Toronto","Non-Official & Non-Aboriginal languages","Dinka",45,10,0,85
"Calgary","Non-Official & Non-Aboriginal languages","Dinka",725,445,0,785
"Edmonton","Non-Official & Non-Aboriginal languages","Dinka",335,205,0,570
"Vancouver","Non-Official & Non-Aboriginal languages","Dinka",80,40,0,45
"Montréal","Aboriginal languages","Dogrib (Tlicho)",0,0,0,0
"Toronto","Aboriginal languages","Dogrib (Tlicho)",5,0,0,0
"Calgary","Aboriginal languages","Dogrib (Tlicho)",0,0,0,10
"Edmonton","Aboriginal languages","Dogrib (Tlicho)",20,0,0,40
"Vancouver","Aboriginal languages","Dogrib (Tlicho)",0,0,0,0
"Montréal","Non-Official & Non-Aboriginal languages","Dravidian languages, n.i.e.",15,5,0,10
"Toronto","Non-Official & Non-Aboriginal languages","Dravidian languages, n.i.e.",270,95,0,440
"Calgary","Non-Official & Non-Aboriginal languages","Dravidian languages, n.i.e.",30,20,0,80
"Edmonton","Non-Official & Non-Aboriginal languages","Dravidian languages, n.i.e.",25,10,0,65
"Vancouver","Non-Official & Non-Aboriginal languages","Dravidian languages, n.i.e.",45,15,0,65
"Montréal","Non-Official & Non-Aboriginal languages","Dutch",1825,245,20,3380
"Toronto","Non-Official & Non-Aboriginal languages","Dutch",8585,650,65,11650
"Calgary","Non-Official & Non-Aboriginal languages","Dutch",4045,490,0,4945
"Edmonton","Non-Official & Non-Aboriginal languages","Dutch",4100,275,20,4835
"Vancouver","Non-Official & Non-Aboriginal languages","Dutch",7455,690,70,9200
"Montréal","Non-Official & Non-Aboriginal languages","Edo",70,10,0,170
"Toronto","Non-Official & Non-Aboriginal languages","Edo",1020,290,0,1895
"Calgary","Non-Official & Non-Aboriginal languages","Edo",105,25,0,240
"Edmonton","Non-Official & Non-Aboriginal languages","Edo",140,35,0,285
"Vancouver","Non-Official & Non-Aboriginal languages","Edo",80,15,0,120
"Montréal","Official languages","English",444955,620510,412120,2500590
"Toronto","Official languages","English",3061820,3836770,3218725,5600480
"Calgary","Official languages","English",937055,1065070,844740,1343335
"Edmonton","Official languages","English",930405,1050410,792700,1275265
"Vancouver","Official languages","English",1316635,1622735,1330555,2289515
"Montréal","Non-Official & Non-Aboriginal languages","Estonian",170,25,0,120
"Toronto","Non-Official & Non-Aboriginal languages","Estonian",2690,650,50,2995
"Calgary","Non-Official & Non-Aboriginal languages","Estonian",95,15,0,110
"Edmonton","Non-Official & Non-Aboriginal languages","Estonian",45,5,0,40
"Vancouver","Non-Official & Non-Aboriginal languages","Estonian",455,75,0,495
"Montréal","Non-Official & Non-Aboriginal languages","Ewe",485,90,0,980
"Toronto","Non-Official & Non-Aboriginal languages","Ewe",370,95,0,515
"Calgary","Non-Official & Non-Aboriginal languages","Ewe",60,15,0,75
"Edmonton","Non-Official & Non-Aboriginal languages","Ewe",125,40,0,160
"Vancouver","Non-Official & Non-Aboriginal languages","Ewe",60,15,0,115
"Montréal","Non-Official & Non-Aboriginal languages","Fijian",0,0,0,10
"Toronto","Non-Official & Non-Aboriginal languages","Fijian",55,10,0,50
"Calgary","Non-Official & Non-Aboriginal languages","Fijian",45,20,0,140
"Edmonton","Non-Official & Non-Aboriginal languages","Fijian",55,25,0,145
"Vancouver","Non-Official & Non-Aboriginal languages","Fijian",390,100,0,985
"Montréal","Non-Official & Non-Aboriginal languages","Finnish",290,40,0,370
"Toronto","Non-Official & Non-Aboriginal languages","Finnish",2515,510,45,2830
"Calgary","Non-Official & Non-Aboriginal languages","Finnish",325,50,0,350
"Edmonton","Non-Official & Non-Aboriginal languages","Finnish",230,30,0,415
"Vancouver","Non-Official & Non-Aboriginal languages","Finnish",1900,430,20,2090
"Montréal","Official languages","French",2551955,2669195,1607550,3663310
"Toronto","Official languages","French",65530,29800,11940,466820
"Calgary","Official languages","French",20720,8630,2140,101440
"Edmonton","Official languages","French",27100,10950,2520,96065
"Vancouver","Official languages","French",25005,8630,3245,172260
"Montréal","Non-Official & Non-Aboriginal languages","Frisian",10,0,0,0
"Toronto","Non-Official & Non-Aboriginal languages","Frisian",135,5,0,195
"Calgary","Non-Official & Non-Aboriginal languages","Frisian",40,5,0,65
"Edmonton","Non-Official & Non-Aboriginal languages","Frisian",95,5,0,95
"Vancouver","Non-Official & Non-Aboriginal languages","Frisian",80,5,0,125
"Montréal","Non-Official & Non-Aboriginal languages","Fulah (Pular, Pulaar, Fulfulde)",1625,445,0,2730
"Toronto","Non-Official & Non-Aboriginal languages","Fulah (Pular, Pulaar, Fulfulde)",225,75,0,485
"Calgary","Non-Official & Non-Aboriginal languages","Fulah (Pular, Pulaar, Fulfulde)",80,45,0,135
"Edmonton","Non-Official & Non-Aboriginal languages","Fulah (Pular, Pulaar, Fulfulde)",140,55,0,155
"Vancouver","Non-Official & Non-Aboriginal languages","Fulah (Pular, Pulaar, Fulfulde)",15,0,0,50
"Montréal","Non-Official & Non-Aboriginal languages","Ga",80,15,0,285
"Toronto","Non-Official & Non-Aboriginal languages","Ga",445,145,0,1010
"Calgary","Non-Official & Non-Aboriginal languages","Ga",65,20,0,110
"Edmonton","Non-Official & Non-Aboriginal languages","Ga",65,15,0,195
"Vancouver","Non-Official & Non-Aboriginal languages","Ga",30,0,0,90
"Montréal","Non-Official & Non-Aboriginal languages","Ganda",15,0,0,55
"Toronto","Non-Official & Non-Aboriginal languages","Ganda",515,155,20,860
"Calgary","Non-Official & Non-Aboriginal languages","Ganda",40,5,0,75
"Edmonton","Non-Official & Non-Aboriginal languages","Ganda",210,80,0,430
"Vancouver","Non-Official & Non-Aboriginal languages","Ganda",65,5,0,110
"Montréal","Non-Official & Non-Aboriginal languages","Georgian",160,70,10,200
"Toronto","Non-Official & Non-Aboriginal languages","Georgian",1110,745,10,1465
"Calgary","Non-Official & Non-Aboriginal languages","Georgian",130,80,0,140
"Edmonton","Non-Official & Non-Aboriginal languages","Georgian",70,55,0,60
"Vancouver","Non-Official & Non-Aboriginal languages","Georgian",65,15,0,90
"Montréal","Non-Official & Non-Aboriginal languages","German",9235,1585,205,30070
"Toronto","Non-Official & Non-Aboriginal languages","German",29425,3585,240,55040
"Calgary","Non-Official & Non-Aboriginal languages","German",11865,1540,75,19075
"Edmonton","Non-Official & Non-Aboriginal languages","German",14760,2315,65,20990
"Vancouver","Non-Official & Non-Aboriginal languages","German",24060,2895,210,38660
"Montréal","Non-Official & Non-Aboriginal languages","Germanic languages, n.i.e.",100,10,0,175
"Toronto","Non-Official & Non-Aboriginal languages","Germanic languages, n.i.e.",50,10,0,105
"Calgary","Non-Official & Non-Aboriginal languages","Germanic languages, n.i.e.",10,5,0,75
"Edmonton","Non-Official & Non-Aboriginal languages","Germanic languages, n.i.e.",10,5,0,20
"Vancouver","Non-Official & Non-Aboriginal languages","Germanic languages, n.i.e.",30,5,0,75
"Montréal","Aboriginal languages","Gitxsan (Gitksan)",0,0,0,0
"Toronto","Aboriginal languages","Gitxsan (Gitksan)",0,0,0,0
"Calgary","Aboriginal languages","Gitxsan (Gitksan)",0,0,0,15
"Edmonton","Aboriginal languages","Gitxsan (Gitksan)",0,0,0,0
"Vancouver","Aboriginal languages","Gitxsan (Gitksan)",50,10,0,50
"Montréal","Non-Official & Non-Aboriginal languages","Greek",37710,18255,515,49440
"Toronto","Non-Official & Non-Aboriginal languages","Greek",41225,16945,340,60400
"Calgary","Non-Official & Non-Aboriginal languages","Greek",1590,500,10,2490
"Edmonton","Non-Official & Non-Aboriginal languages","Greek",1080,375,0,1580
"Vancouver","Non-Official & Non-Aboriginal languages","Greek",4880,1730,60,7230
"Montréal","Non-Official & Non-Aboriginal languages","Gujarati",6000,3805,20,7830
"Toronto","Non-Official & Non-Aboriginal languages","Gujarati",64115,38270,615,87570
"Calgary","Non-Official & Non-Aboriginal languages","Gujarati",5575,3125,20,8590
"Edmonton","Non-Official & Non-Aboriginal languages","Gujarati",5750,3650,60,7515
"Vancouver","Non-Official & Non-Aboriginal languages","Gujarati",6285,2740,40,10685
"Montréal","Aboriginal languages","Gwich'in",5,0,0,0
"Toronto","Aboriginal languages","Gwich'in",0,5,0,0
"Calgary","Aboriginal languages","Gwich'in",5,5,0,0
"Edmonton","Aboriginal languages","Gwich'in",5,0,0,0
"Vancouver","Aboriginal languages","Gwich'in",10,0,0,0
"Montréal","Aboriginal languages","Haida",0,0,0,0
"Toronto","Aboriginal languages","Haida",5,0,0,0
"Calgary","Aboriginal languages","Haida",0,0,0,0
"Edmonton","Aboriginal languages","Haida",5,0,0,0
"Vancouver","Aboriginal languages","Haida",10,5,0,60
"Montréal","Aboriginal languages","Haisla",0,0,0,0
"Toronto","Aboriginal languages","Haisla",0,0,0,0
"Calgary","Aboriginal languages","Haisla",0,0,0,0
"Edmonton","Aboriginal languages","Haisla",0,0,0,0
"Vancouver","Aboriginal languages","Haisla",10,0,0,30
"Montréal","Non-Official & Non-Aboriginal languages","Haitian Creole",1965,780,10,4400
"Toronto","Non-Official & Non-Aboriginal languages","Haitian Creole",200,120,0,650
"Calgary","Non-Official & Non-Aboriginal languages","Haitian Creole",25,5,0,80
"Edmonton","Non-Official & Non-Aboriginal languages","Haitian Creole",55,40,0,115
"Vancouver","Non-Official & Non-Aboriginal languages","Haitian Creole",20,0,0,55
"Montréal","Non-Official & Non-Aboriginal languages","Hakka",460,155,0,525
"Toronto","Non-Official & Non-Aboriginal languages","Hakka",6495,2725,30,7185
"Calgary","Non-Official & Non-Aboriginal languages","Hakka",345,95,0,425
"Edmonton","Non-Official & Non-Aboriginal languages","Hakka",625,215,10,705
"Vancouver","Non-Official & Non-Aboriginal languages","Hakka",2185,670,10,2555
"Montréal","Aboriginal languages","Halkomelem",0,0,0,0
"Toronto","Aboriginal languages","Halkomelem",0,0,0,0
"Calgary","Aboriginal languages","Halkomelem",0,0,0,0
"Edmonton","Aboriginal languages","Halkomelem",0,0,0,10
"Vancouver","Aboriginal languages","Halkomelem",40,5,0,150
"Montréal","Non-Official & Non-Aboriginal languages","Harari",5,0,0,0
"Toronto","Non-Official & Non-Aboriginal languages","Harari",925,520,0,1250
"Calgary","Non-Official & Non-Aboriginal languages","Harari",75,45,0,95
"Edmonton","Non-Official & Non-Aboriginal languages","Harari",165,110,0,240
"Vancouver","Non-Official & Non-Aboriginal languages","Harari",20,10,0,55
"Montréal","Non-Official & Non-Aboriginal languages","Hebrew",3810,1680,140,17705
"Toronto","Non-Official & Non-Aboriginal languages","Hebrew",10385,4395,360,38385
"Calgary","Non-Official & Non-Aboriginal languages","Hebrew",505,260,25,1610
"Edmonton","Non-Official & Non-Aboriginal languages","Hebrew",405,190,20,1460
"Vancouver","Non-Official & Non-Aboriginal languages","Hebrew",1770,785,75,4585
"Montréal","Aboriginal languages","Heiltsuk",0,0,0,0
"Toronto","Aboriginal languages","Heiltsuk",5,0,0,0
"Calgary","Aboriginal languages","Heiltsuk",0,0,0,0
"Edmonton","Aboriginal languages","Heiltsuk",0,0,0,0
"Vancouver","Aboriginal languages","Heiltsuk",15,0,0,15
"Montréal","Non-Official & Non-Aboriginal languages","Hiligaynon",400,125,0,500
"Toronto","Non-Official & Non-Aboriginal languages","Hiligaynon",2320,780,10,2545
"Calgary","Non-Official & Non-Aboriginal languages","Hiligaynon",690,205,10,930
"Edmonton","Non-Official & Non-Aboriginal languages","Hiligaynon",530,195,10,515
"Vancouver","Non-Official & Non-Aboriginal languages","Hiligaynon",1280,360,10,1370
"Montréal","Non-Official & Non-Aboriginal languages","Hindi",2900,1485,35,14945
"Toronto","Non-Official & Non-Aboriginal languages","Hindi",48140,23995,740,207775
"Calgary","Non-Official & Non-Aboriginal languages","Hindi",7390,4130,105,29820
"Edmonton","Non-Official & Non-Aboriginal languages","Hindi",8415,5095,105,27470
"Vancouver","Non-Official & Non-Aboriginal languages","Hindi",24220,11235,265,70500
"Montréal","Non-Official & Non-Aboriginal languages","Hmong-Mien languages",20,10,10,35
"Toronto","Non-Official & Non-Aboriginal languages","Hmong-Mien languages",25,5,0,20
"Calgary","Non-Official & Non-Aboriginal languages","Hmong-Mien languages",90,60,0,85
"Edmonton","Non-Official & Non-Aboriginal languages","Hmong-Mien languages",10,10,0,30
"Vancouver","Non-Official & Non-Aboriginal languages","Hmong-Mien languages",130,55,0,155
"Montréal","Non-Official & Non-Aboriginal languages","Hungarian",5190,1815,40,6475
"Toronto","Non-Official & Non-Aboriginal languages","Hungarian",19130,7880,220,21890
"Calgary","Non-Official & Non-Aboriginal languages","Hungarian",3640,1310,55,4350
"Edmonton","Non-Official & Non-Aboriginal languages","Hungarian",1580,475,15,1870
"Vancouver","Non-Official & Non-Aboriginal languages","Hungarian",5285,1470,15,6480
"Montréal","Non-Official & Non-Aboriginal languages","Icelandic",60,30,0,105
"Toronto","Non-Official & Non-Aboriginal languages","Icelandic",85,20,0,130
"Calgary","Non-Official & Non-Aboriginal languages","Icelandic",70,15,0,80
"Edmonton","Non-Official & Non-Aboriginal languages","Icelandic",35,15,0,60
"Vancouver","Non-Official & Non-Aboriginal languages","Icelandic",155,50,0,215
"Montréal","Non-Official & Non-Aboriginal languages","Igbo",100,10,0,235
"Toronto","Non-Official & Non-Aboriginal languages","Igbo",1520,410,0,2920
"Calgary","Non-Official & Non-Aboriginal languages","Igbo",710,135,0,1495
"Edmonton","Non-Official & Non-Aboriginal languages","Igbo",305,80,0,605
"Vancouver","Non-Official & Non-Aboriginal languages","Igbo",155,35,0,235
"Montréal","Non-Official & Non-Aboriginal languages","Ilocano",2035,740,10,2445
"Toronto","Non-Official & Non-Aboriginal languages","Ilocano",9415,3450,35,12740
"Calgary","Non-Official & Non-Aboriginal languages","Ilocano",2595,1025,15,3690
"Edmonton","Non-Official & Non-Aboriginal languages","Ilocano",1845,605,15,2415
"Vancouver","Non-Official & Non-Aboriginal languages","Ilocano",4605,1465,30,5670
"Montréal","Non-Official & Non-Aboriginal languages","Indo-Iranian languages, n.i.e.",330,145,0,620
"Toronto","Non-Official & Non-Aboriginal languages","Indo-Iranian languages, n.i.e.",1920,770,10,3515
"Calgary","Non-Official & Non-Aboriginal languages","Indo-Iranian languages, n.i.e.",955,505,10,1170
"Edmonton","Non-Official & Non-Aboriginal languages","Indo-Iranian languages, n.i.e.",280,115,0,475
"Vancouver","Non-Official & Non-Aboriginal languages","Indo-Iranian languages, n.i.e.",340,175,0,755
"Montréal","Aboriginal languages","Inuinnaqtun (Inuvialuktun)",0,0,0,0
"Toronto","Aboriginal languages","Inuinnaqtun (Inuvialuktun)",0,0,0,0
"Calgary","Aboriginal languages","Inuinnaqtun (Inuvialuktun)",5,0,0,20
"Edmonton","Aboriginal languages","Inuinnaqtun (Inuvialuktun)",10,0,0,10
"Vancouver","Aboriginal languages","Inuinnaqtun (Inuvialuktun)",0,0,0,10
"Montréal","Aboriginal languages","Inuit languages, n.i.e.",35,10,0,45
"Toronto","Aboriginal languages","Inuit languages, n.i.e.",0,0,0,10
"Calgary","Aboriginal languages","Inuit languages, n.i.e.",10,5,0,10
"Edmonton","Aboriginal languages","Inuit languages, n.i.e.",20,5,0,25
"Vancouver","Aboriginal languages","Inuit languages, n.i.e.",5,0,0,10
"Montréal","Aboriginal languages","Inuktitut",225,70,30,410
"Toronto","Aboriginal languages","Inuktitut",30,10,0,15
"Calgary","Aboriginal languages","Inuktitut",10,0,0,10
"Edmonton","Aboriginal languages","Inuktitut",40,5,0,30
"Vancouver","Aboriginal languages","Inuktitut",15,0,0,45
"Montréal","Aboriginal languages","Iroquoian languages, n.i.e.",0,0,0,10
"Toronto","Aboriginal languages","Iroquoian languages, n.i.e.",5,0,0,0
"Calgary","Aboriginal languages","Iroquoian languages, n.i.e.",0,0,0,0
"Edmonton","Aboriginal languages","Iroquoian languages, n.i.e.",0,0,0,0
"Vancouver","Aboriginal languages","Iroquoian languages, n.i.e.",0,0,0,0
"Montréal","Non-Official & Non-Aboriginal languages","Italian",101230,32365,565,161770
"Toronto","Non-Official & Non-Aboriginal languages","Italian",151415,51815,775,220425
"Calgary","Non-Official & Non-Aboriginal languages","Italian",5430,1270,10,9560
"Edmonton","Non-Official & Non-Aboriginal languages","Italian",4915,1405,15,8385
"Vancouver","Non-Official & Non-Aboriginal languages","Italian",15445,3950,85,25610
"Montréal","Non-Official & Non-Aboriginal languages","Italic (Romance) languages, n.i.e.",95,30,0,340
"Toronto","Non-Official & Non-Aboriginal languages","Italic (Romance) languages, n.i.e.",225,70,10,660
"Calgary","Non-Official & Non-Aboriginal languages","Italic (Romance) languages, n.i.e.",10,0,0,70
"Edmonton","Non-Official & Non-Aboriginal languages","Italic (Romance) languages, n.i.e.",15,5,0,95
"Vancouver","Non-Official & Non-Aboriginal languages","Italic (Romance) languages, n.i.e.",60,10,0,215
"Montréal","Non-Official & Non-Aboriginal languages","Japanese",2065,875,220,5465
"Toronto","Non-Official & Non-Aboriginal languages","Japanese",9650,4550,775,17460
"Calgary","Non-Official & Non-Aboriginal languages","Japanese",2420,1105,90,4405
"Edmonton","Non-Official & Non-Aboriginal languages","Japanese",1055,480,35,2540
"Vancouver","Non-Official & Non-Aboriginal languages","Japanese",16900,8230,1545,28630
"Montréal","Non-Official & Non-Aboriginal languages","Kabyle",11320,4605,15,14590
"Toronto","Non-Official & Non-Aboriginal languages","Kabyle",105,30,0,75
"Calgary","Non-Official & Non-Aboriginal languages","Kabyle",65,30,0,105
"Edmonton","Non-Official & Non-Aboriginal languages","Kabyle",75,50,0,85
"Vancouver","Non-Official & Non-Aboriginal languages","Kabyle",35,20,0,60
"Montréal","Non-Official & Non-Aboriginal languages","Kannada",230,140,0,395
"Toronto","Non-Official & Non-Aboriginal languages","Kannada",2020,825,0,4465
"Calgary","Non-Official & Non-Aboriginal languages","Kannada",285,115,0,545
"Edmonton","Non-Official & Non-Aboriginal languages","Kannada",205,80,0,380
"Vancouver","Non-Official & Non-Aboriginal languages","Kannada",225,95,0,445
"Montréal","Non-Official & Non-Aboriginal languages","Karenic languages",0,0,0,0
"Toronto","Non-Official & Non-Aboriginal languages","Karenic languages",265,215,0,250
"Calgary","Non-Official & Non-Aboriginal languages","Karenic languages",280,235,15,295
"Edmonton","Non-Official & Non-Aboriginal languages","Karenic languages",435,360,10,475
"Vancouver","Non-Official & Non-Aboriginal languages","Karenic languages",765,690,40,905
"Montréal","Non-Official & Non-Aboriginal languages","Kashmiri",20,5,0,45
"Toronto","Non-Official & Non-Aboriginal languages","Kashmiri",275,50,0,470
"Calgary","Non-Official & Non-Aboriginal languages","Kashmiri",85,50,0,65
"Edmonton","Non-Official & Non-Aboriginal languages","Kashmiri",20,0,0,60
"Vancouver","Non-Official & Non-Aboriginal languages","Kashmiri",45,5,0,45
"Montréal","Aboriginal languages","Kaska (Nahani)",0,0,0,0
"Toronto","Aboriginal languages","Kaska (Nahani)",0,0,0,0
"Calgary","Aboriginal languages","Kaska (Nahani)",0,0,0,0
"Edmonton","Aboriginal languages","Kaska (Nahani)",0,0,0,0
"Vancouver","Aboriginal languages","Kaska (Nahani)",0,0,0,10
"Montréal","Non-Official & Non-Aboriginal languages","Khmer (Cambodian)",7950,4720,260,10535
"Toronto","Non-Official & Non-Aboriginal languages","Khmer (Cambodian)",3095,1655,50,4340
"Calgary","Non-Official & Non-Aboriginal languages","Khmer (Cambodian)",880,440,0,1200
"Edmonton","Non-Official & Non-Aboriginal languages","Khmer (Cambodian)",760,385,10,1100
"Vancouver","Non-Official & Non-Aboriginal languages","Khmer (Cambodian)",1210,620,20,1440
"Montréal","Non-Official & Non-Aboriginal languages","Kinyarwanda (Rwanda)",1425,335,0,1960
"Toronto","Non-Official & Non-Aboriginal languages","Kinyarwanda (Rwanda)",385,115,0,700
"Calgary","Non-Official & Non-Aboriginal languages","Kinyarwanda (Rwanda)",125,25,0,105
"Edmonton","Non-Official & Non-Aboriginal languages","Kinyarwanda (Rwanda)",610,285,0,910
"Vancouver","Non-Official & Non-Aboriginal languages","Kinyarwanda (Rwanda)",105,45,0,210
"Montréal","Non-Official & Non-Aboriginal languages","Konkani",105,30,0,140
"Toronto","Non-Official & Non-Aboriginal languages","Konkani",2155,440,0,5000
"Calgary","Non-Official & Non-Aboriginal languages","Konkani",175,35,0,385
"Edmonton","Non-Official & Non-Aboriginal languages","Konkani",150,35,0,165
"Vancouver","Non-Official & Non-Aboriginal languages","Konkani",225,40,0,370
"Montréal","Non-Official & Non-Aboriginal languages","Korean",4865,3395,290,5795
"Toronto","Non-Official & Non-Aboriginal languages","Korean",55005,38435,4270,62350
"Calgary","Non-Official & Non-Aboriginal languages","Korean",9225,6565,495,10245
"Edmonton","Non-Official & Non-Aboriginal languages","Korean",6325,4565,260,7180
"Vancouver","Non-Official & Non-Aboriginal languages","Korean",45990,34225,5075,50640
"Montréal","Non-Official & Non-Aboriginal languages","Kurdish",795,400,10,985
"Toronto","Non-Official & Non-Aboriginal languages","Kurdish",2775,1470,80,3840
"Calgary","Non-Official & Non-Aboriginal languages","Kurdish",750,460,0,1005
"Edmonton","Non-Official & Non-Aboriginal languages","Kurdish",755,375,15,860
"Vancouver","Non-Official & Non-Aboriginal languages","Kurdish",1655,1020,25,2070
"Montréal","Aboriginal languages","Kutenai",0,0,0,0
"Toronto","Aboriginal languages","Kutenai",0,0,0,0
"Calgary","Aboriginal languages","Kutenai",5,0,0,0
"Edmonton","Aboriginal languages","Kutenai",0,0,0,0
"Vancouver","Aboriginal languages","Kutenai",5,0,0,0
"Montréal","Aboriginal languages","Kwakiutl (Kwak'wala)",0,0,0,0
"Toronto","Aboriginal languages","Kwakiutl (Kwak'wala)",0,0,0,0
"Calgary","Aboriginal languages","Kwakiutl (Kwak'wala)",0,0,0,0
"Edmonton","Aboriginal languages","Kwakiutl (Kwak'wala)",0,0,0,0
"Vancouver","Aboriginal languages","Kwakiutl (Kwak'wala)",15,5,0,40
"Montréal","Non-Official & Non-Aboriginal languages","Lao",3545,1875,50,5085
"Toronto","Non-Official & Non-Aboriginal languages","Lao",2275,1045,15,2895
"Calgary","Non-Official & Non-Aboriginal languages","Lao",470,185,0,635
"Edmonton","Non-Official & Non-Aboriginal languages","Lao",385,190,0,580
"Vancouver","Non-Official & Non-Aboriginal languages","Lao",800,330,0,1125
"Montréal","Non-Official & Non-Aboriginal languages","Latvian",240,65,10,275
"Toronto","Non-Official & Non-Aboriginal languages","Latvian",2260,600,10,2630
"Calgary","Non-Official & Non-Aboriginal languages","Latvian",190,85,0,265
"Edmonton","Non-Official & Non-Aboriginal languages","Latvian",145,55,0,250
"Vancouver","Non-Official & Non-Aboriginal languages","Latvian",320,70,0,315
"Montréal","Aboriginal languages","Lillooet",0,0,0,0
"Toronto","Aboriginal languages","Lillooet",0,0,0,0
"Calgary","Aboriginal languages","Lillooet",0,0,0,0
"Edmonton","Aboriginal languages","Lillooet",0,0,0,0
"Vancouver","Aboriginal languages","Lillooet",10,5,0,20
"Montréal","Non-Official & Non-Aboriginal languages","Lingala",1975,480,0,7665
"Toronto","Non-Official & Non-Aboriginal languages","Lingala",375,95,0,2080
"Calgary","Non-Official & Non-Aboriginal languages","Lingala",85,25,0,425
"Edmonton","Non-Official & Non-Aboriginal languages","Lingala",160,45,0,750
"Vancouver","Non-Official & Non-Aboriginal languages","Lingala",55,35,0,240
"Montréal","Non-Official & Non-Aboriginal languages","Lithuanian",485,105,0,665
"Toronto","Non-Official & Non-Aboriginal languages","Lithuanian",3190,1045,45,3710
"Calgary","Non-Official & Non-Aboriginal languages","Lithuanian",340,155,0,385
"Edmonton","Non-Official & Non-Aboriginal languages","Lithuanian",175,70,0,295
"Vancouver","Non-Official & Non-Aboriginal languages","Lithuanian",330,90,10,325
"Montréal","Non-Official & Non-Aboriginal languages","Macedonian",175,110,0,230
"Toronto","Non-Official & Non-Aboriginal languages","Macedonian",12015,4970,75,16730
"Calgary","Non-Official & Non-Aboriginal languages","Macedonian",160,80,0,270
"Edmonton","Non-Official & Non-Aboriginal languages","Macedonian",180,90,10,225
"Vancouver","Non-Official & Non-Aboriginal languages","Macedonian",250,120,0,340
"Montréal","Non-Official & Non-Aboriginal languages","Malagasy",830,260,0,1450
"Toronto","Non-Official & Non-Aboriginal languages","Malagasy",30,15,0,90
"Calgary","Non-Official & Non-Aboriginal languages","Malagasy",25,10,0,40
"Edmonton","Non-Official & Non-Aboriginal languages","Malagasy",10,10,0,15
"Vancouver","Non-Official & Non-Aboriginal languages","Malagasy",15,5,0,0
"Montréal","Non-Official & Non-Aboriginal languages","Malay",605,165,0,985
"Toronto","Non-Official & Non-Aboriginal languages","Malay",4420,1455,35,7305
"Calgary","Non-Official & Non-Aboriginal languages","Malay",800,235,0,1505
"Edmonton","Non-Official & Non-Aboriginal languages","Malay",510,135,0,1240
"Vancouver","Non-Official & Non-Aboriginal languages","Malay",3480,1050,55,6435
"Montréal","Non-Official & Non-Aboriginal languages","Malayalam",405,190,0,485
"Toronto","Non-Official & Non-Aboriginal languages","Malayalam",12530,6400,55,17255
"Calgary","Non-Official & Non-Aboriginal languages","Malayalam",2130,1295,0,2600
"Edmonton","Non-Official & Non-Aboriginal languages","Malayalam",3455,2330,10,4550
"Vancouver","Non-Official & Non-Aboriginal languages","Malayalam",1750,890,0,2585
"Montréal","Aboriginal languages","Malecite",0,0,0,0
"Toronto","Aboriginal languages","Malecite",0,0,0,0
"Calgary","Aboriginal languages","Malecite",0,0,0,0
"Edmonton","Aboriginal languages","Malecite",0,0,0,0
"Vancouver","Aboriginal languages","Malecite",0,0,0,0
"Montréal","Non-Official & Non-Aboriginal languages","Maltese",15,0,0,15
"Toronto","Non-Official & Non-Aboriginal languages","Maltese",3525,875,20,4675
"Calgary","Non-Official & Non-Aboriginal languages","Maltese",35,5,0,40
"Edmonton","Non-Official & Non-Aboriginal languages","Maltese",30,10,0,75
"Vancouver","Non-Official & Non-Aboriginal languages","Maltese",80,5,0,165
"Montréal","Non-Official & Non-Aboriginal languages","Mandarin",40195,34300,2945,54185
"Toronto","Non-Official & Non-Aboriginal languages","Mandarin",227085,179670,26135,313600
"Calgary","Non-Official & Non-Aboriginal languages","Mandarin",28745,21140,1385,39405
"Edmonton","Non-Official & Non-Aboriginal languages","Mandarin",19925,14725,710,28215
"Vancouver","Non-Official & Non-Aboriginal languages","Mandarin",174920,138680,23195,250175
"Montréal","Non-Official & Non-Aboriginal languages","Marathi",235,75,0,460
"Toronto","Non-Official & Non-Aboriginal languages","Marathi",4465,2005,25,8625
"Calgary","Non-Official & Non-Aboriginal languages","Marathi",845,440,0,1545
"Edmonton","Non-Official & Non-Aboriginal languages","Marathi",535,335,0,840
"Vancouver","Non-Official & Non-Aboriginal languages","Marathi",535,245,0,1275
"Montréal","Aboriginal languages","Mi'kmaq",20,5,0,35
"Toronto","Aboriginal languages","Mi'kmaq",25,5,0,45
"Calgary","Aboriginal languages","Mi'kmaq",10,0,0,0
"Edmonton","Aboriginal languages","Mi'kmaq",10,0,0,0
"Vancouver","Aboriginal languages","Mi'kmaq",5,0,0,15
"Montréal","Aboriginal languages","Michif",0,0,0,10
"Toronto","Aboriginal languages","Michif",5,5,0,15
"Calgary","Aboriginal languages","Michif",15,5,0,20
"Edmonton","Aboriginal languages","Michif",30,0,0,50
"Vancouver","Aboriginal languages","Michif",10,5,0,35
"Montréal","Non-Official & Non-Aboriginal languages","Min Dong",20,0,0,20
"Toronto","Non-Official & Non-Aboriginal languages","Min Dong",765,240,25,710
"Calgary","Non-Official & Non-Aboriginal languages","Min Dong",45,10,0,60
"Edmonton","Non-Official & Non-Aboriginal languages","Min Dong",70,15,0,25
"Vancouver","Non-Official & Non-Aboriginal languages","Min Dong",220,65,0,125
"Montréal","Non-Official & Non-Aboriginal languages","Min Nan (Chaochow, Teochow, Fukien, Taiwanese)",3110,1775,70,4025
"Toronto","Non-Official & Non-Aboriginal languages","Min Nan (Chaochow, Teochow, Fukien, Taiwanese)",11580,5065,225,13985
"Calgary","Non-Official & Non-Aboriginal languages","Min Nan (Chaochow, Teochow, Fukien, Taiwanese)",1720,675,15,2415
"Edmonton","Non-Official & Non-Aboriginal languages","Min Nan (Chaochow, Teochow, Fukien, Taiwanese)",1265,555,20,1605
"Vancouver","Non-Official & Non-Aboriginal languages","Min Nan (Chaochow, Teochow, Fukien, Taiwanese)",10655,4645,210,15660
"Montréal","Aboriginal languages","Mohawk",70,15,0,175
"Toronto","Aboriginal languages","Mohawk",15,5,0,45
"Calgary","Aboriginal languages","Mohawk",5,0,0,10
"Edmonton","Aboriginal languages","Mohawk",5,0,0,0
"Vancouver","Aboriginal languages","Mohawk",5,0,0,10
"Montréal","Non-Official & Non-Aboriginal languages","Mongolian",185,140,0,235
"Toronto","Non-Official & Non-Aboriginal languages","Mongolian",345,200,0,445
"Calgary","Non-Official & Non-Aboriginal languages","Mongolian",450,280,0,655
"Edmonton","Non-Official & Non-Aboriginal languages","Mongolian",85,45,0,145
"Vancouver","Non-Official & Non-Aboriginal languages","Mongolian",345,160,10,320
"Montréal","Aboriginal languages","Montagnais (Innu)",70,20,0,100
"Toronto","Aboriginal languages","Montagnais (Innu)",0,0,0,0
"Calgary","Aboriginal languages","Montagnais (Innu)",5,0,0,0
"Edmonton","Aboriginal languages","Montagnais (Innu)",0,0,0,0
"Vancouver","Aboriginal languages","Montagnais (Innu)",0,0,0,0
"Montréal","Aboriginal languages","Moose Cree",0,0,0,0
"Toronto","Aboriginal languages","Moose Cree",10,5,0,0
"Calgary","Aboriginal languages","Moose Cree",5,0,0,0
"Edmonton","Aboriginal languages","Moose Cree",5,0,0,20
"Vancouver","Aboriginal languages","Moose Cree",0,0,0,0
"Montréal","Aboriginal languages","Naskapi",15,10,0,0
"Toronto","Aboriginal languages","Naskapi",0,0,0,0
"Calgary","Aboriginal languages","Naskapi",0,0,0,0
"Edmonton","Aboriginal languages","Naskapi",0,0,0,0
"Vancouver","Aboriginal languages","Naskapi",0,0,0,0
"Montréal","Non-Official & Non-Aboriginal languages","Nepali",350,260,0,360
"Toronto","Non-Official & Non-Aboriginal languages","Nepali",4680,3085,55,6385
"Calgary","Non-Official & Non-Aboriginal languages","Nepali",1935,1335,25,2215
"Edmonton","Non-Official & Non-Aboriginal languages","Nepali",1990,1395,10,1975
"Vancouver","Non-Official & Non-Aboriginal languages","Nepali",915,555,20,1185
"Montréal","Non-Official & Non-Aboriginal languages","Niger-Congo languages, n.i.e.",5760,835,0,12690
"Toronto","Non-Official & Non-Aboriginal languages","Niger-Congo languages, n.i.e.",2940,735,10,6345
"Calgary","Non-Official & Non-Aboriginal languages","Niger-Congo languages, n.i.e.",1110,280,0,2200
"Edmonton","Non-Official & Non-Aboriginal languages","Niger-Congo languages, n.i.e.",1610,495,0,3300
"Vancouver","Non-Official & Non-Aboriginal languages","Niger-Congo languages, n.i.e.",610,150,0,1325
"Montréal","Non-Official & Non-Aboriginal languages","Nilo-Saharan languages, n.i.e.",170,55,0,325
"Toronto","Non-Official & Non-Aboriginal languages","Nilo-Saharan languages, n.i.e.",315,75,0,415
"Calgary","Non-Official & Non-Aboriginal languages","Nilo-Saharan languages, n.i.e.",785,470,0,920
"Edmonton","Non-Official & Non-Aboriginal languages","Nilo-Saharan languages, n.i.e.",410,165,0,370
"Vancouver","Non-Official & Non-Aboriginal languages","Nilo-Saharan languages, n.i.e.",185,65,0,255
"Montréal","Aboriginal languages","Nisga'a",5,0,0,10
"Toronto","Aboriginal languages","Nisga'a",0,0,0,0
"Calgary","Aboriginal languages","Nisga'a",0,0,0,0
"Edmonton","Aboriginal languages","Nisga'a",5,0,0,10
"Vancouver","Aboriginal languages","Nisga'a",30,10,0,70
"Montréal","Aboriginal languages","North Slavey (Hare)",0,0,0,0
"Toronto","Aboriginal languages","North Slavey (Hare)",0,0,0,0
"Calgary","Aboriginal languages","North Slavey (Hare)",0,0,0,0
"Edmonton","Aboriginal languages","North Slavey (Hare)",10,0,0,15
"Vancouver","Aboriginal languages","North Slavey (Hare)",0,0,0,0
"Montréal","Aboriginal languages","Northern East Cree",50,30,15,75
"Toronto","Aboriginal languages","Northern East Cree",0,0,0,10
"Calgary","Aboriginal languages","Northern East Cree",0,0,0,10
"Edmonton","Aboriginal languages","Northern East Cree",20,15,0,10
"Vancouver","Aboriginal languages","Northern East Cree",0,0,0,0
"Montréal","Aboriginal languages","Northern Tutchone",0,0,0,0
"Toronto","Aboriginal languages","Northern Tutchone",0,0,0,0
"Calgary","Aboriginal languages","Northern Tutchone",0,0,0,0
"Edmonton","Aboriginal languages","Northern Tutchone",0,0,0,0
"Vancouver","Aboriginal languages","Northern Tutchone",0,0,0,0
"Montréal","Non-Official & Non-Aboriginal languages","Norwegian",145,15,0,355
"Toronto","Non-Official & Non-Aboriginal languages","Norwegian",380,40,10,955
"Calgary","Non-Official & Non-Aboriginal languages","Norwegian",245,25,0,495
"Edmonton","Non-Official & Non-Aboriginal languages","Norwegian",210,15,0,450
"Vancouver","Non-Official & Non-Aboriginal languages","Norwegian",840,70,15,1405
"Montréal","Aboriginal languages","Nuu-chah-nulth (Nootka)",0,0,0,0
"Toronto","Aboriginal languages","Nuu-chah-nulth (Nootka)",0,0,10,0
"Calgary","Aboriginal languages","Nuu-chah-nulth (Nootka)",5,0,0,0
"Edmonton","Aboriginal languages","Nuu-chah-nulth (Nootka)",0,0,0,0
"Vancouver","Aboriginal languages","Nuu-chah-nulth (Nootka)",10,0,0,15
"Montréal","Aboriginal languages","Oji-Cree",0,0,0,0
"Toronto","Aboriginal languages","Oji-Cree",10,5,0,10
"Calgary","Aboriginal languages","Oji-Cree",5,0,0,10
"Edmonton","Aboriginal languages","Oji-Cree",0,0,0,0
"Vancouver","Aboriginal languages","Oji-Cree",5,0,0,0
"Montréal","Aboriginal languages","Ojibway",5,0,0,10
"Toronto","Aboriginal languages","Ojibway",225,35,0,670
"Calgary","Aboriginal languages","Ojibway",55,5,0,95
"Edmonton","Aboriginal languages","Ojibway",90,20,0,165
"Vancouver","Aboriginal languages","Ojibway",60,5,0,120
"Montréal","Aboriginal languages","Okanagan",0,0,0,0
"Toronto","Aboriginal languages","Okanagan",0,0,0,0
"Calgary","Aboriginal languages","Okanagan",0,0,0,0
"Edmonton","Aboriginal languages","Okanagan",5,0,0,10
"Vancouver","Aboriginal languages","Okanagan",5,0,0,35
"Montréal","Aboriginal languages","Oneida",0,0,0,0
"Toronto","Aboriginal languages","Oneida",0,0,0,10
"Calgary","Aboriginal languages","Oneida",0,0,0,0
"Edmonton","Aboriginal languages","Oneida",0,0,0,0
"Vancouver","Aboriginal languages","Oneida",0,0,0,0
"Montréal","Non-Official & Non-Aboriginal languages","Oriya (Odia)",30,15,0,55
"Toronto","Non-Official & Non-Aboriginal languages","Oriya (Odia)",580,270,0,930
"Calgary","Non-Official & Non-Aboriginal languages","Oriya (Odia)",100,50,0,145
"Edmonton","Non-Official & Non-Aboriginal languages","Oriya (Odia)",70,35,0,105
"Vancouver","Non-Official & Non-Aboriginal languages","Oriya (Odia)",65,30,0,70
"Montréal","Non-Official & Non-Aboriginal languages","Oromo",5,5,0,30
"Toronto","Non-Official & Non-Aboriginal languages","Oromo",1010,545,15,1390
"Calgary","Non-Official & Non-Aboriginal languages","Oromo",950,710,0,1370
"Edmonton","Non-Official & Non-Aboriginal languages","Oromo",1130,885,10,1210
"Vancouver","Non-Official & Non-Aboriginal languages","Oromo",170,75,0,195
"Montréal","Non-Official & Non-Aboriginal languages","Other languages, n.i.e.",485,105,0,1450
"Toronto","Non-Official & Non-Aboriginal languages","Other languages, n.i.e.",960,320,0,2300
"Calgary","Non-Official & Non-Aboriginal languages","Other languages, n.i.e.",330,110,0,790
"Edmonton","Non-Official & Non-Aboriginal languages","Other languages, n.i.e.",235,75,10,700
"Vancouver","Non-Official & Non-Aboriginal languages","Other languages, n.i.e.",365,110,25,700
"Montréal","Aboriginal languages","Ottawa (Odawa)",0,0,0,0
"Toronto","Aboriginal languages","Ottawa (Odawa)",15,5,0,15
"Calgary","Aboriginal languages","Ottawa (Odawa)",0,0,0,10
"Edmonton","Aboriginal languages","Ottawa (Odawa)",0,0,0,0
"Vancouver","Aboriginal languages","Ottawa (Odawa)",0,0,0,0
"Montréal","Non-Official & Non-Aboriginal languages","Pampangan (Kapampangan, Pampango)",200,60,10,195
"Toronto","Non-Official & Non-Aboriginal languages","Pampangan (Kapampangan, Pampango)",1305,405,10,1600
"Calgary","Non-Official & Non-Aboriginal languages","Pampangan (Kapampangan, Pampango)",265,65,0,440
"Edmonton","Non-Official & Non-Aboriginal languages","Pampangan (Kapampangan, Pampango)",340,130,0,525
"Vancouver","Non-Official & Non-Aboriginal languages","Pampangan (Kapampangan, Pampango)",630,140,0,775
"Montréal","Non-Official & Non-Aboriginal languages","Pangasinan",90,15,0,60
"Toronto","Non-Official & Non-Aboriginal languages","Pangasinan",455,80,0,450
"Calgary","Non-Official & Non-Aboriginal languages","Pangasinan",125,20,0,205
"Edmonton","Non-Official & Non-Aboriginal languages","Pangasinan",110,25,0,170
"Vancouver","Non-Official & Non-Aboriginal languages","Pangasinan",265,55,0,440
"Montréal","Non-Official & Non-Aboriginal languages","Pashto",1190,880,10,1625
"Toronto","Non-Official & Non-Aboriginal languages","Pashto",7685,4845,10,11400
"Calgary","Non-Official & Non-Aboriginal languages","Pashto",1640,1055,15,2185
"Edmonton","Non-Official & Non-Aboriginal languages","Pashto",660,430,0,810
"Vancouver","Non-Official & Non-Aboriginal languages","Pashto",1070,660,0,1540
"Montréal","Non-Official & Non-Aboriginal languages","Persian (Farsi)",24740,18305,570,29530
"Toronto","Non-Official & Non-Aboriginal languages","Persian (Farsi)",100640,67315,2350,119790
"Calgary","Non-Official & Non-Aboriginal languages","Persian (Farsi)",9725,6480,120,10755
"Edmonton","Non-Official & Non-Aboriginal languages","Persian (Farsi)",4920,3220,55,5815
"Vancouver","Non-Official & Non-Aboriginal languages","Persian (Farsi)",41260,27355,1045,47155
"Montréal","Aboriginal languages","Plains Cree",0,0,0,10
"Toronto","Aboriginal languages","Plains Cree",5,0,0,55
"Calgary","Aboriginal languages","Plains Cree",55,10,0,130
"Edmonton","Aboriginal languages","Plains Cree",350,55,0,965
"Vancouver","Aboriginal languages","Plains Cree",40,0,0,90
"Montréal","Non-Official & Non-Aboriginal languages","Polish",12185,5400,160,15340
"Toronto","Non-Official & Non-Aboriginal languages","Polish",69860,33320,1490,83540
"Calgary","Non-Official & Non-Aboriginal languages","Polish",8145,3275,100,9560
"Edmonton","Non-Official & Non-Aboriginal languages","Polish",9380,3805,120,11320
"Vancouver","Non-Official & Non-Aboriginal languages","Polish",12040,4485,95,13815
"Montréal","Non-Official & Non-Aboriginal languages","Portuguese",31030,14570,515,45620
"Toronto","Non-Official & Non-Aboriginal languages","Portuguese",104305,50210,5065,134220
"Calgary","Non-Official & Non-Aboriginal languages","Portuguese",3695,1770,95,5365
"Edmonton","Non-Official & Non-Aboriginal languages","Portuguese",4625,1915,45,6100
"Vancouver","Non-Official & Non-Aboriginal languages","Portuguese",11950,5115,495,15675
"Montréal","Non-Official & Non-Aboriginal languages","Punjabi (Panjabi)",12250,8775,415,17575
"Toronto","Non-Official & Non-Aboriginal languages","Punjabi (Panjabi)",171225,116045,5635,243880
"Calgary","Non-Official & Non-Aboriginal languages","Punjabi (Panjabi)",38840,29100,1455,51065
"Edmonton","Non-Official & Non-Aboriginal languages","Punjabi (Panjabi)",27785,20650,975,36190
"Vancouver","Non-Official & Non-Aboriginal languages","Punjabi (Panjabi)",151205,104855,13125,187530
"Montréal","Non-Official & Non-Aboriginal languages","Quebec Sign Language",435,455,70,2545
"Toronto","Non-Official & Non-Aboriginal languages","Quebec Sign Language",0,0,0,10
"Calgary","Non-Official & Non-Aboriginal languages","Quebec Sign Language",0,0,0,10
"Edmonton","Non-Official & Non-Aboriginal languages","Quebec Sign Language",0,0,0,0
"Vancouver","Non-Official & Non-Aboriginal languages","Quebec Sign Language",0,0,0,10
"Montréal","Non-Official & Non-Aboriginal languages","Romanian",33050,22945,310,39265
"Toronto","Non-Official & Non-Aboriginal languages","Romanian",25070,12200,245,29770
"Calgary","Non-Official & Non-Aboriginal languages","Romanian",4795,2475,55,5945
"Edmonton","Non-Official & Non-Aboriginal languages","Romanian",2540,1360,0,3015
"Vancouver","Non-Official & Non-Aboriginal languages","Romanian",7170,3215,65,8265
"Montréal","Non-Official & Non-Aboriginal languages","Rundi (Kirundi)",1700,470,0,2235
"Toronto","Non-Official & Non-Aboriginal languages","Rundi (Kirundi)",355,125,0,540
"Calgary","Non-Official & Non-Aboriginal languages","Rundi (Kirundi)",150,65,0,170
"Edmonton","Non-Official & Non-Aboriginal languages","Rundi (Kirundi)",400,195,0,595
"Vancouver","Non-Official & Non-Aboriginal languages","Rundi (Kirundi)",100,55,0,105
"Montréal","Non-Official & Non-Aboriginal languages","Russian",26370,19395,690,42250
"Toronto","Non-Official & Non-Aboriginal languages","Russian",83105,53670,2515,111165
"Calgary","Non-Official & Non-Aboriginal languages","Russian",9555,5785,160,13705
"Edmonton","Non-Official & Non-Aboriginal languages","Russian",5725,3260,75,9245
"Vancouver","Non-Official & Non-Aboriginal languages","Russian",18175,10795,435,24000
"Montréal","Aboriginal languages","Salish languages, n.i.e.",0,5,0,0
"Toronto","Aboriginal languages","Salish languages, n.i.e.",0,0,0,0
"Calgary","Aboriginal languages","Salish languages, n.i.e.",0,0,0,0
"Edmonton","Aboriginal languages","Salish languages, n.i.e.",0,0,0,0
"Vancouver","Aboriginal languages","Salish languages, n.i.e.",40,0,0,65
"Montréal","Aboriginal languages","Sarsi (Sarcee)",0,0,0,0
"Toronto","Aboriginal languages","Sarsi (Sarcee)",10,5,0,0
"Calgary","Aboriginal languages","Sarsi (Sarcee)",65,10,10,130
"Edmonton","Aboriginal languages","Sarsi (Sarcee)",0,0,0,0
"Vancouver","Aboriginal languages","Sarsi (Sarcee)",5,0,0,0
"Montréal","Non-Official & Non-Aboriginal languages","Scottish Gaelic",15,5,0,110
"Toronto","Non-Official & Non-Aboriginal languages","Scottish Gaelic",165,25,0,650
"Calgary","Non-Official & Non-Aboriginal languages","Scottish Gaelic",55,5,0,175
"Edmonton","Non-Official & Non-Aboriginal languages","Scottish Gaelic",50,5,0,155
"Vancouver","Non-Official & Non-Aboriginal languages","Scottish Gaelic",125,15,0,345
"Montréal","Aboriginal languages","Sekani",0,0,0,0
"Toronto","Aboriginal languages","Sekani",0,0,0,0
"Calgary","Aboriginal languages","Sekani",0,0,0,0
"Edmonton","Aboriginal languages","Sekani",0,0,0,0
"Vancouver","Aboriginal languages","Sekani",5,0,0,10
"Montréal","Non-Official & Non-Aboriginal languages","Semitic languages, n.i.e.",85,40,0,165
"Toronto","Non-Official & Non-Aboriginal languages","Semitic languages, n.i.e.",925,475,10,1135
"Calgary","Non-Official & Non-Aboriginal languages","Semitic languages, n.i.e.",210,150,0,250
"Edmonton","Non-Official & Non-Aboriginal languages","Semitic languages, n.i.e.",80,55,50,155
"Vancouver","Non-Official & Non-Aboriginal languages","Semitic languages, n.i.e.",135,85,0,285
"Montréal","Non-Official & Non-Aboriginal languages","Serbian",1890,1065,10,2435
"Toronto","Non-Official & Non-Aboriginal languages","Serbian",21420,12200,165,27390
"Calgary","Non-Official & Non-Aboriginal languages","Serbian",1860,945,10,2370
"Edmonton","Non-Official & Non-Aboriginal languages","Serbian",1835,1005,10,2480
"Vancouver","Non-Official & Non-Aboriginal languages","Serbian",6300,3470,85,8010
"Montréal","Non-Official & Non-Aboriginal languages","Serbo-Croatian",655,270,0,980
"Toronto","Non-Official & Non-Aboriginal languages","Serbo-Croatian",2420,935,20,2870
"Calgary","Non-Official & Non-Aboriginal languages","Serbo-Croatian",525,180,0,580
"Edmonton","Non-Official & Non-Aboriginal languages","Serbo-Croatian",360,120,0,440
"Vancouver","Non-Official & Non-Aboriginal languages","Serbo-Croatian",1145,435,0,1240
"Montréal","Non-Official & Non-Aboriginal languages","Shona",75,20,0,130
"Toronto","Non-Official & Non-Aboriginal languages","Shona",685,235,0,1175
"Calgary","Non-Official & Non-Aboriginal languages","Shona",320,95,0,510
"Edmonton","Non-Official & Non-Aboriginal languages","Shona",570,215,0,1025
"Vancouver","Non-Official & Non-Aboriginal languages","Shona",150,40,0,265
"Montréal","Aboriginal languages","Shuswap (Secwepemctsin)",0,0,0,0
"Toronto","Aboriginal languages","Shuswap (Secwepemctsin)",0,0,0,0
"Calgary","Aboriginal languages","Shuswap (Secwepemctsin)",0,0,0,0
"Edmonton","Aboriginal languages","Shuswap (Secwepemctsin)",0,0,0,10
"Vancouver","Aboriginal languages","Shuswap (Secwepemctsin)",10,5,0,10
"Montréal","Non-Official & Non-Aboriginal languages","Sign languages, n.i.e",315,525,40,1465
"Toronto","Non-Official & Non-Aboriginal languages","Sign languages, n.i.e",750,1190,110,2575
"Calgary","Non-Official & Non-Aboriginal languages","Sign languages, n.i.e",160,250,35,790
"Edmonton","Non-Official & Non-Aboriginal languages","Sign languages, n.i.e",210,285,45,1195
"Vancouver","Non-Official & Non-Aboriginal languages","Sign languages, n.i.e",355,530,35,1565
"Montréal","Non-Official & Non-Aboriginal languages","Sindhi",310,135,0,470
"Toronto","Non-Official & Non-Aboriginal languages","Sindhi",5800,2490,25,9685
"Calgary","Non-Official & Non-Aboriginal languages","Sindhi",1735,745,10,2760
"Edmonton","Non-Official & Non-Aboriginal languages","Sindhi",940,460,0,1740
"Vancouver","Non-Official & Non-Aboriginal languages","Sindhi",1575,595,10,3135
"Montréal","Non-Official & Non-Aboriginal languages","Sinhala (Sinhalese)",620,350,0,1285
"Toronto","Non-Official & Non-Aboriginal languages","Sinhala (Sinhalese)",7860,3580,25,15135
"Calgary","Non-Official & Non-Aboriginal languages","Sinhala (Sinhalese)",960,485,10,1395
"Edmonton","Non-Official & Non-Aboriginal languages","Sinhala (Sinhalese)",1310,780,0,1825
"Vancouver","Non-Official & Non-Aboriginal languages","Sinhala (Sinhalese)",1460,595,0,2140
"Montréal","Aboriginal languages","Siouan languages, n.i.e.",0,0,0,0
"Toronto","Aboriginal languages","Siouan languages, n.i.e.",0,0,0,0
"Calgary","Aboriginal languages","Siouan languages, n.i.e.",0,0,0,10
"Edmonton","Aboriginal languages","Siouan languages, n.i.e.",0,0,0,0
"Vancouver","Aboriginal languages","Siouan languages, n.i.e.",5,0,0,15
"Montréal","Aboriginal languages","Slavey, n.o.s.",5,0,0,0
"Toronto","Aboriginal languages","Slavey, n.o.s.",0,0,0,0
"Calgary","Aboriginal languages","Slavey, n.o.s.",5,0,0,0
"Edmonton","Aboriginal languages","Slavey, n.o.s.",10,0,0,0
"Vancouver","Aboriginal languages","Slavey, n.o.s.",5,0,0,0
"Montréal","Non-Official & Non-Aboriginal languages","Slavic languages, n.i.e.",125,30,0,125
"Toronto","Non-Official & Non-Aboriginal languages","Slavic languages, n.i.e.",510,130,10,630
"Calgary","Non-Official & Non-Aboriginal languages","Slavic languages, n.i.e.",65,15,0,75
"Edmonton","Non-Official & Non-Aboriginal languages","Slavic languages, n.i.e.",95,25,0,110
"Vancouver","Non-Official & Non-Aboriginal languages","Slavic languages, n.i.e.",175,30,0,245
"Montréal","Non-Official & Non-Aboriginal languages","Slovak",900,215,0,1240
"Toronto","Non-Official & Non-Aboriginal languages","Slovak",5255,2290,50,6085
"Calgary","Non-Official & Non-Aboriginal languages","Slovak",1175,465,0,1605
"Edmonton","Non-Official & Non-Aboriginal languages","Slovak",610,170,15,750
"Vancouver","Non-Official & Non-Aboriginal languages","Slovak",2390,780,10,3060
"Montréal","Non-Official & Non-Aboriginal languages","Slovene (Slovenian)",690,220,0,905
"Toronto","Non-Official & Non-Aboriginal languages","Slovene (Slovenian)",3705,890,0,4455
"Calgary","Non-Official & Non-Aboriginal languages","Slovene (Slovenian)",270,40,0,330
"Edmonton","Non-Official & Non-Aboriginal languages","Slovene (Slovenian)",290,65,0,285
"Vancouver","Non-Official & Non-Aboriginal languages","Slovene (Slovenian)",545,60,0,725
"Montréal","Non-Official & Non-Aboriginal languages","Somali",725,350,0,1040
"Toronto","Non-Official & Non-Aboriginal languages","Somali",13255,7765,85,18965
"Calgary","Non-Official & Non-Aboriginal languages","Somali",1460,890,10,2175
"Edmonton","Non-Official & Non-Aboriginal languages","Somali",6510,4740,55,8400
"Vancouver","Non-Official & Non-Aboriginal languages","Somali",1175,610,10,1675
"Montréal","Aboriginal languages","South Slavey",0,0,0,0
"Toronto","Aboriginal languages","South Slavey",0,0,0,0
"Calgary","Aboriginal languages","South Slavey",0,0,0,0
"Edmonton","Aboriginal languages","South Slavey",25,5,0,10
"Vancouver","Aboriginal languages","South Slavey",0,0,0,0
"Montréal","Aboriginal languages","Southern East Cree",15,5,0,0
"Toronto","Aboriginal languages","Southern East Cree",0,0,0,0
"Calgary","Aboriginal languages","Southern East Cree",0,0,0,0
"Edmonton","Aboriginal languages","Southern East Cree",0,0,0,0
"Vancouver","Aboriginal languages","Southern East Cree",0,0,0,0
"Montréal","Aboriginal languages","Southern Tutchone",0,0,0,0
"Toronto","Aboriginal languages","Southern Tutchone",0,0,0,0
"Calgary","Aboriginal languages","Southern Tutchone",0,0,0,0
"Edmonton","Aboriginal languages","Southern Tutchone",0,0,0,0
"Vancouver","Aboriginal languages","Southern Tutchone",0,0,0,0
"Montréal","Non-Official & Non-Aboriginal languages","Spanish",120765,76680,2740,280030
"Toronto","Non-Official & Non-Aboriginal languages","Spanish",126500,70370,3660,206090
"Calgary","Non-Official & Non-Aboriginal languages","Spanish",28690,17540,725,52265
"Edmonton","Non-Official & Non-Aboriginal languages","Spanish",18470,10880,405,33180
"Vancouver","Non-Official & Non-Aboriginal languages","Spanish",36625,18310,1040,75105
"Montréal","Aboriginal languages","Squamish",0,0,0,0
"Toronto","Aboriginal languages","Squamish",0,0,0,0
"Calgary","Aboriginal languages","Squamish",0,0,0,0
"Edmonton","Aboriginal languages","Squamish",0,0,0,0
"Vancouver","Aboriginal languages","Squamish",20,5,0,225
"Montréal","Aboriginal languages","Stoney",0,0,0,0
"Toronto","Aboriginal languages","Stoney",0,0,0,10
"Calgary","Aboriginal languages","Stoney",90,30,0,95
"Edmonton","Aboriginal languages","Stoney",155,25,0,280
"Vancouver","Aboriginal languages","Stoney",0,0,0,0
"Montréal","Aboriginal languages","Straits",0,0,0,0
"Toronto","Aboriginal languages","Straits",0,0,0,0
"Calgary","Aboriginal languages","Straits",0,0,0,10
"Edmonton","Aboriginal languages","Straits",0,0,0,0
"Vancouver","Aboriginal languages","Straits",0,0,0,0
"Montréal","Non-Official & Non-Aboriginal languages","Swahili",1305,385,15,4240
"Toronto","Non-Official & Non-Aboriginal languages","Swahili",3215,1230,10,10355
"Calgary","Non-Official & Non-Aboriginal languages","Swahili",795,350,20,2420
"Edmonton","Non-Official & Non-Aboriginal languages","Swahili",1245,585,0,3535
"Vancouver","Non-Official & Non-Aboriginal languages","Swahili",585,155,0,2655
"Montréal","Aboriginal languages","Swampy Cree",0,0,0,0
"Toronto","Aboriginal languages","Swampy Cree",30,5,0,30
"Calgary","Aboriginal languages","Swampy Cree",10,0,0,10
"Edmonton","Aboriginal languages","Swampy Cree",25,0,0,30
"Vancouver","Aboriginal languages","Swampy Cree",15,0,0,20
"Montréal","Non-Official & Non-Aboriginal languages","Swedish",450,80,15,1235
"Toronto","Non-Official & Non-Aboriginal languages","Swedish",1140,220,25,2575
"Calgary","Non-Official & Non-Aboriginal languages","Swedish",295,50,0,640
"Edmonton","Non-Official & Non-Aboriginal languages","Swedish",265,65,0,580
"Vancouver","Non-Official & Non-Aboriginal languages","Swedish",1290,220,30,2765
"Montréal","Non-Official & Non-Aboriginal languages","Tagalog (Pilipino, Filipino)",14865,7750,110,25565
"Toronto","Non-Official & Non-Aboriginal languages","Tagalog (Pilipino, Filipino)",136110,63985,985,193475
"Calgary","Non-Official & Non-Aboriginal languages","Tagalog (Pilipino, Filipino)",40960,23010,305,57570
"Edmonton","Non-Official & Non-Aboriginal languages","Tagalog (Pilipino, Filipino)",36755,20765,305,50715
"Vancouver","Non-Official & Non-Aboriginal languages","Tagalog (Pilipino, Filipino)",66825,30695,635,96290
"Montréal","Aboriginal languages","Tahltan",0,0,0,0
"Toronto","Aboriginal languages","Tahltan",0,0,0,0
"Calgary","Aboriginal languages","Tahltan",0,0,0,0
"Edmonton","Aboriginal languages","Tahltan",0,0,0,0
"Vancouver","Aboriginal languages","Tahltan",0,0,0,10
"Montréal","Non-Official & Non-Aboriginal languages","Tai-Kadai languages, n.i.e",5,0,0,0
"Toronto","Non-Official & Non-Aboriginal languages","Tai-Kadai languages, n.i.e",20,10,0,30
"Calgary","Non-Official & Non-Aboriginal languages","Tai-Kadai languages, n.i.e",10,5,0,10
"Edmonton","Non-Official & Non-Aboriginal languages","Tai-Kadai languages, n.i.e",15,5,0,20
"Vancouver","Non-Official & Non-Aboriginal languages","Tai-Kadai languages, n.i.e",15,5,0,10
"Montréal","Non-Official & Non-Aboriginal languages","Tamil",13490,10670,145,17130
"Toronto","Non-Official & Non-Aboriginal languages","Tamil",109580,76095,1815,146145
"Calgary","Non-Official & Non-Aboriginal languages","Tamil",1860,1190,20,3215
"Edmonton","Non-Official & Non-Aboriginal languages","Tamil",2175,1440,15,3165
"Vancouver","Non-Official & Non-Aboriginal languages","Tamil",3275,1930,30,4860
"Montréal","Non-Official & Non-Aboriginal languages","Telugu",555,320,0,890
"Toronto","Non-Official & Non-Aboriginal languages","Telugu",9010,4875,35,13610
"Calgary","Non-Official & Non-Aboriginal languages","Telugu",955,560,0,1290
"Edmonton","Non-Official & Non-Aboriginal languages","Telugu",935,555,0,1365
"Vancouver","Non-Official & Non-Aboriginal languages","Telugu",920,425,0,1430
"Montréal","Non-Official & Non-Aboriginal languages","Thai",530,175,15,1695
"Toronto","Non-Official & Non-Aboriginal languages","Thai",1645,580,65,2450
"Calgary","Non-Official & Non-Aboriginal languages","Thai",635,230,25,975
"Edmonton","Non-Official & Non-Aboriginal languages","Thai",625,285,30,830
"Vancouver","Non-Official & Non-Aboriginal languages","Thai",1930,670,100,2870
"Montréal","Aboriginal languages","Thompson (Ntlakapamux)",0,0,0,0
"Toronto","Aboriginal languages","Thompson (Ntlakapamux)",0,0,0,0
"Calgary","Aboriginal languages","Thompson (Ntlakapamux)",0,0,0,0
"Edmonton","Aboriginal languages","Thompson (Ntlakapamux)",0,0,0,0
"Vancouver","Aboriginal languages","Thompson (Ntlakapamux)",15,0,0,25
"Montréal","Non-Official & Non-Aboriginal languages","Tibetan",95,60,0,50
"Toronto","Non-Official & Non-Aboriginal languages","Tibetan",4875,3705,45,5465
"Calgary","Non-Official & Non-Aboriginal languages","Tibetan",550,395,10,800
"Edmonton","Non-Official & Non-Aboriginal languages","Tibetan",20,20,0,45
"Vancouver","Non-Official & Non-Aboriginal languages","Tibetan",265,165,10,305
"Montréal","Non-Official & Non-Aboriginal languages","Tibeto-Burman languages, n.i.e.",70,35,0,90
"Toronto","Non-Official & Non-Aboriginal languages","Tibeto-Burman languages, n.i.e.",335,105,0,505
"Calgary","Non-Official & Non-Aboriginal languages","Tibeto-Burman languages, n.i.e.",150,75,0,155
"Edmonton","Non-Official & Non-Aboriginal languages","Tibeto-Burman languages, n.i.e.",100,60,10,180
"Vancouver","Non-Official & Non-Aboriginal languages","Tibeto-Burman languages, n.i.e.",220,90,0,295
"Montréal","Non-Official & Non-Aboriginal languages","Tigrigna",340,190,0,360
"Toronto","Non-Official & Non-Aboriginal languages","Tigrigna",4720,2480,45,5965
"Calgary","Non-Official & Non-Aboriginal languages","Tigrigna",2755,2050,15,3565
"Edmonton","Non-Official & Non-Aboriginal languages","Tigrigna",2325,1655,15,3130
"Vancouver","Non-Official & Non-Aboriginal languages","Tigrigna",695,355,0,935
"Montréal","Aboriginal languages","Tlingit",0,0,0,0
"Toronto","Aboriginal languages","Tlingit",0,0,0,0
"Calgary","Aboriginal languages","Tlingit",0,0,0,0
"Edmonton","Aboriginal languages","Tlingit",0,0,0,0
"Vancouver","Aboriginal languages","Tlingit",0,0,0,0
"Montréal","Aboriginal languages","Tsimshian",0,0,0,0
"Toronto","Aboriginal languages","Tsimshian",0,0,0,0
"Calgary","Aboriginal languages","Tsimshian",0,0,0,0
"Edmonton","Aboriginal languages","Tsimshian",0,0,0,0
"Vancouver","Aboriginal languages","Tsimshian",25,0,0,65
"Montréal","Non-Official & Non-Aboriginal languages","Turkic languages, n.i.e.",170,55,0,200
"Toronto","Non-Official & Non-Aboriginal languages","Turkic languages, n.i.e.",410,150,0,560
"Calgary","Non-Official & Non-Aboriginal languages","Turkic languages, n.i.e.",140,45,0,200
"Edmonton","Non-Official & Non-Aboriginal languages","Turkic languages, n.i.e.",45,10,0,70
"Vancouver","Non-Official & Non-Aboriginal languages","Turkic languages, n.i.e.",170,40,0,225
"Montréal","Non-Official & Non-Aboriginal languages","Turkish",6625,4420,95,10550
"Toronto","Non-Official & Non-Aboriginal languages","Turkish",13695,8155,400,20750
"Calgary","Non-Official & Non-Aboriginal languages","Turkish",1265,755,25,1715
"Edmonton","Non-Official & Non-Aboriginal languages","Turkish",1745,1140,35,2380
"Vancouver","Non-Official & Non-Aboriginal languages","Turkish",2770,1190,35,4875
"Montréal","Non-Official & Non-Aboriginal languages","Ukrainian",4640,2160,110,8040
"Toronto","Non-Official & Non-Aboriginal languages","Ukrainian",26545,12510,675,38030
"Calgary","Non-Official & Non-Aboriginal languages","Ukrainian",3625,790,20,4770
"Edmonton","Non-Official & Non-Aboriginal languages","Ukrainian",11765,2400,70,14420
"Vancouver","Non-Official & Non-Aboriginal languages","Ukrainian",3990,1010,20,5960
"Montréal","Non-Official & Non-Aboriginal languages","Uralic languages, n.i.e.",0,0,0,0
"Toronto","Non-Official & Non-Aboriginal languages","Uralic languages, n.i.e.",0,0,0,0
"Calgary","Non-Official & Non-Aboriginal languages","Uralic languages, n.i.e.",0,5,0,0
"Edmonton","Non-Official & Non-Aboriginal languages","Uralic languages, n.i.e.",0,0,0,0
"Vancouver","Non-Official & Non-Aboriginal languages","Uralic languages, n.i.e.",0,0,0,0
"Montréal","Non-Official & Non-Aboriginal languages","Urdu",10260,7070,70,15920
"Toronto","Non-Official & Non-Aboriginal languages","Urdu",128845,78105,985,194395
"Calgary","Non-Official & Non-Aboriginal languages","Urdu",16930,11060,105,26025
"Edmonton","Non-Official & Non-Aboriginal languages","Urdu",8140,5095,45,12280
"Vancouver","Non-Official & Non-Aboriginal languages","Urdu",8875,5170,40,14615
"Montréal","Non-Official & Non-Aboriginal languages","Uyghur",190,135,0,230
"Toronto","Non-Official & Non-Aboriginal languages","Uyghur",385,225,0,490
"Calgary","Non-Official & Non-Aboriginal languages","Uyghur",60,45,0,130
"Edmonton","Non-Official & Non-Aboriginal languages","Uyghur",60,35,0,145
"Vancouver","Non-Official & Non-Aboriginal languages","Uyghur",170,100,10,105
"Montréal","Non-Official & Non-Aboriginal languages","Uzbek",125,95,0,190
"Toronto","Non-Official & Non-Aboriginal languages","Uzbek",595,315,0,810
"Calgary","Non-Official & Non-Aboriginal languages","Uzbek",75,55,0,245
"Edmonton","Non-Official & Non-Aboriginal languages","Uzbek",110,70,10,145
"Vancouver","Non-Official & Non-Aboriginal languages","Uzbek",100,40,0,170
"Montréal","Non-Official & Non-Aboriginal languages","Vietnamese",25430,18700,1340,32090
"Toronto","Non-Official & Non-Aboriginal languages","Vietnamese",48000,31755,1735,62940
"Calgary","Non-Official & Non-Aboriginal languages","Vietnamese",13540,8925,835,17345
"Edmonton","Non-Official & Non-Aboriginal languages","Vietnamese",8865,5860,410,11805
"Vancouver","Non-Official & Non-Aboriginal languages","Vietnamese",22955,14365,1985,29015
"Montréal","Non-Official & Non-Aboriginal languages","Vlaams (Flemish)",305,30,0,505
"Toronto","Non-Official & Non-Aboriginal languages","Vlaams (Flemish)",280,25,10,260
"Calgary","Non-Official & Non-Aboriginal languages","Vlaams (Flemish)",105,10,0,125
"Edmonton","Non-Official & Non-Aboriginal languages","Vlaams (Flemish)",80,15,0,85
"Vancouver","Non-Official & Non-Aboriginal languages","Vlaams (Flemish)",195,15,0,225
"Montréal","Aboriginal languages","Wakashan languages, n.i.e.",0,0,0,0
"Toronto","Aboriginal languages","Wakashan languages, n.i.e.",0,0,0,0
"Calgary","Aboriginal languages","Wakashan languages, n.i.e.",0,0,0,0
"Edmonton","Aboriginal languages","Wakashan languages, n.i.e.",0,0,0,0
"Vancouver","Aboriginal languages","Wakashan languages, n.i.e.",0,0,0,0
"Montréal","Non-Official & Non-Aboriginal languages","Waray-Waray",50,15,0,45
"Toronto","Non-Official & Non-Aboriginal languages","Waray-Waray",310,75,0,320
"Calgary","Non-Official & Non-Aboriginal languages","Waray-Waray",150,50,0,195
"Edmonton","Non-Official & Non-Aboriginal languages","Waray-Waray",70,10,0,100
"Vancouver","Non-Official & Non-Aboriginal languages","Waray-Waray",180,60,0,275
"Montréal","Non-Official & Non-Aboriginal languages","Welsh",30,5,0,65
"Toronto","Non-Official & Non-Aboriginal languages","Welsh",150,15,0,235
"Calgary","Non-Official & Non-Aboriginal languages","Welsh",65,5,0,110
"Edmonton","Non-Official & Non-Aboriginal languages","Welsh",35,0,0,105
"Vancouver","Non-Official & Non-Aboriginal languages","Welsh",120,20,0,140
"Montréal","Non-Official & Non-Aboriginal languages","Wolof",2440,770,0,4815
"Toronto","Non-Official & Non-Aboriginal languages","Wolof",165,75,0,415
"Calgary","Non-Official & Non-Aboriginal languages","Wolof",120,65,0,330
"Edmonton","Non-Official & Non-Aboriginal languages","Wolof",130,90,10,225
"Vancouver","Non-Official & Non-Aboriginal languages","Wolof",30,5,0,25
"Montréal","Aboriginal languages","Woods Cree",0,0,0,0
"Toronto","Aboriginal languages","Woods Cree",5,0,10,15
"Calgary","Aboriginal languages","Woods Cree",10,0,0,60
"Edmonton","Aboriginal languages","Woods Cree",155,20,0,260
"Vancouver","Aboriginal languages","Woods Cree",20,5,0,15
"Montréal","Non-Official & Non-Aboriginal languages","Wu (Shanghainese)",1025,760,15,1190
"Toronto","Non-Official & Non-Aboriginal languages","Wu (Shanghainese)",5290,3130,30,6890
"Calgary","Non-Official & Non-Aboriginal languages","Wu (Shanghainese)",380,210,0,580
"Edmonton","Non-Official & Non-Aboriginal languages","Wu (Shanghainese)",235,120,0,260
"Vancouver","Non-Official & Non-Aboriginal languages","Wu (Shanghainese)",4330,2495,45,5385
"Montréal","Non-Official & Non-Aboriginal languages","Yiddish",8960,6665,860,12340
"Toronto","Non-Official & Non-Aboriginal languages","Yiddish",3355,350,20,6510
"Calgary","Non-Official & Non-Aboriginal languages","Yiddish",80,10,0,175
"Edmonton","Non-Official & Non-Aboriginal languages","Yiddish",55,0,0,65
"Vancouver","Non-Official & Non-Aboriginal languages","Yiddish",220,10,0,385
"Montréal","Non-Official & Non-Aboriginal languages","Yoruba",210,45,0,700
"Toronto","Non-Official & Non-Aboriginal languages","Yoruba",3380,1080,10,7940
"Calgary","Non-Official & Non-Aboriginal languages","Yoruba",1430,350,0,3460
"Edmonton","Non-Official & Non-Aboriginal languages","Yoruba",700,280,0,1600
"Vancouver","Non-Official & Non-Aboriginal languages","Yoruba",190,40,0,505
